# Modifications have been made to the original ASF-licensed list. "This
# file" below refers to just this list of synonyms.
#
# The ASF licenses this file to You under the Apache License, Version 2.0
# ("the License"); you may not use this file except in compliance with
# the License.  You may obtain a copy of the License at
#
#     http://www.apache.org/licenses/LICENSE-2.0
#
# Unless required by applicable law or agreed to in writing, software
# distributed under the License is distributed on an AS IS BASIS,
# WITHOUT WARRANTIES OR CONDITIONS OF ANY KIND, either express or implied.
# See the License for the specific language governing permissions and
# limitations under the License.

# common english names
# unambiguous name, nickname, nickname, ...
jonny,jon,john
abigail,abbie,abby,gail,nabby
ada,adie
adelaide,addie,adela,dell,della
adele,adelle,adela,addie,dell,della
adeline,adelina,adaline,addie,aline,dell,della
adrienne,adriana,adie
agatha,aggie
agnes,aggie,ness,nessie
aileen,eileen,allie,lena
alberta,allie,bertie
alexandra,alexandria,alex,alix,alexa,alla,allie,ali,lexy,sandra,sandy
alexis,alex
alfreda,alfie,alfy,frieda,freda,freddie,freddy
alice,alicia,alyce,alisa,alissa,alyssa,allie,ally,ali,elsie,lisa
alison,allison,alyson,allyson,allie,ally,ali
althea,thea
amabel,mabel,mab,mabs,mabbie
amanda,mandy
amelia,amy,millie,milly
amy,aimee,amie
anastasia,ana,stacy
andrea,andy
angela,angelica,angelina,angeline,angel,angie
anita,ana,nita
anna,ann,anne,ann,annie,nance,nancy,nancie,nan,nana,nanny,nanette,nannette,nina
annabel,annabelle,anabel,ann,anna,bel,belle,bell
annette,annetta,annie,netta,nettie,netty
antoinette,nettie,netty,net,netta,toni,tony,toy,toi
antonia,toni,tony,tonya,tonia
arabella,arabel,arabelle,bel,bell,belle,bella
arlene,arline,arleen,arlyne,lena,arly,lynn
ashley,ash
audrey,dee
augusta,augustina,aggy,augie,gussie,gusty,ina,tina
aurora,rori
barbara,bab,babs,babbie,barbie,babette
beatrice,beatrix,bea,bee,beattie,trixie,trissie
belinda,bel,bell,belle,linda,lindy,lin,lynn
belle,bell,bel,bella
berenice,bernice,bernie
bertha,berta,bertie
beverly,beverley,bev
blanche,blanch
bonnie,bonny
brenda,brendie,brandy
bridget,bridgette,brigid,brigit,biddie,biddy,bridie,bridey,brie,bree,brita
brittany,brittney,britney,brit,britt,brita,brie
camille,camilla,cammie,cammy,millie
candace,candice,candy
caren,carin,caryn
carla,carlie,carly
carlotta,carlota,lotta,lottie,lotty
carol,carole,carrol,carroll,karol,carrie,carry
caroline,carolyn,carolina,carlyne,carline,karoline,carrie,carry,caddie,caddy,carlie,carly,callie,cally,carol,lynn,lynne,lin
cassandra,cass,cassie,cassey,casey,sandra,sandy
catherine,cathryn,catheryn,catharine,cathleen,cat,cattie,catty,cathie,cathy,cassie,kit,kitty,kittie
cecilia,cecillia,cecelia,cecile,cecily,cicely,cissy,sissy,celia
charity,chattie,chatty,cherry
charlotte,lotta,lottie,lotty,lola,lolita,chattie,charlie
cheryl,cherie
christine,christina,christiana,chris,christy,christie,christa,chrissie,kit,tina
clara,clare,clair,claire
clarice,clarissa,clara,clare,clair
claudia,claudie
clementine,clementina,clem,clemmie,tina
colleen,coleen
constance,connie,connee
cora,co,corrie
cordelia,cordy,delia
corinne,corinna,cora,corrie
cornelia,connie,corny,nell,nellie
courtney,court,courtie
crystal,chrystal,crys,chris
cynthia,cindy,cyndi
daisy,daysie
danielle,daniela,dani,danny
daphne,daph,daphie
darlene,darleen,darlyne,lena,darla
deborah,debbie,debby,debra
delia,dell,della
dell,della
denise,denice,denny
diana,diane,dianne,di
dinah,dina,di
dolores,delores,lola,lolita
dominique,dominica,minnie,nicki,nikki
dora,dorrie,dori
doreen,dorene,dorrie
doris,dorris,dorrie
dorothy,dorothea,dora,dorrie,doll,dolly,dodie,dot,dottie,dotty,dee
edith,edyth,edythe,edie,edye,dee
edna,eddie
elaine,helaine,ellie,elly,lainie
eleanor,elinor,ella,ellie,elly,nell,nellie,nelly,nora,lally,lallie
elisa,eliza,elisia,elissa,elise,elyse,elsa,elsie
elizabeth,elisabeth,betty,bettie,bet,bett,bette,betta,betsy,betsey,betsi,beth,bess,bessie,bessy,bettina,elsie,elisa,elsa,eliza,ellie,elly,ilse,liz,lizzy,lizzie,liza,lisa,lise,lisette,lizette,lisbet,lizbeth,libby
ella,ellie,elly,nellie,nelly
eloise,heloise,lois
elvira,elvie
emily,emilia,em,emmy,emmie,millie,milly
emma,em,emm,emmy,emmie
erica,erika,ericka,ricky,rickie
ernestine,earnestine,erna,ernie,tina
estelle,estella,essie,stella
esther,ester,hester,essie,ettie,etty,hettie,hetty
ethel,eth
etta,ettie,etty
eugenia,gene,genie
eulalia,eula,lally,lallie
eunice,euny,eunie
eustacia,stacy,stacey,stacia
eve,eva,evie
eveline,evelyn,evelina,eve,evie,lynn
evangeline,evangelina,eve,evie,angie,lynn
faith,fae,fay,faye
felicia,felicity,felice,fee,fel
florence,flo,floy,floss,flossie,flora,florrie
frances,fan,fannie,fanny,fran,frannie,franny,francie,francy,france,frankie,franky
francesca,francisca,fran,cesca
francine,fan,fannie,fanny,fran,frannie,franny,francie,francy,france,frankie,franky
frederica,frederika,fredericka,freda,freddie,freddy,ricky,rickie
gabrielle,gabriela,gabriella,gabby,gabi,gaby
genevieve,gene,ginny,jenny,viv
georgina,georgine,georgie,gina
geraldine,gerry,gerrie,gerri,jerry,dina
gertrude,gertie,trudie,trudy
gillian,jillian,jill
gladys,glad
glenda,glen
gloria,glory
grace,gracie
gwendolen,gwendolyn,gwen,gwenda,wendy
hannah,hanna,ann,annie,nana,nanny
harriet,hattie,hatty
heather,hettie,hetty
helen,helena,elena,ellen,nell,nellie,nelly,ellie,elly,lena,lala,lally,lallie
henrietta,etta,ettie,etty,hettie,hetty,nettie,netty
hillary,hilary,hill,hillie
hilda,hylda,hildie
imogen,imogene,immy,immie
irene,renie,rena
isabel,isabelle,isabella,bel,bell,belle,bella,issy
jacqueline,jacquelyn,jackie,jacky
jane,janie,janey,jenny,jennie,jen,janet
janet,janette,janetta,jan,nettie,netty,netta
janice,janis,jenice,jan
jean,jeanne,jeanie,jeannie
jeannette,jeannetta,jeanette,jeanie,jeannie,nettie,netty,netta
jemima,jem,jemma,mima,mimi
jennifer,jen,jenny,jennie,jenne
jessica,jess,jessie
joanna,joanne,joann,johanna,joan,jo,jody
joceline,jocelyn,jo,lynn
josephine,jo,josie,josey,jozy,jody
joyce,joy
judith,judy,judie,jude,jody,jodie
julia,julie,jule
julianne,juliana,julie,jule
juliet,juliette,julie,jule
karen,karin,karyn
katherine,katharine,kathryn,kathrine,kathrynne,katrina,kate,kathie,kathy,katie,katy,kay,katty,kattie,kit,kitty,kittie
kathleen,kathlene,kathlyn,kathlynne,kathie,kathy,katie,katy,katty,kattie
kelly,kelley
kimberly,kimberley,kim
kristina,kristin,kristine,kristen,kris,kristi,kristy,kristie,krista
laura,lora,laurie,loretta,lolly
lauren,laurel,laurie
laverne,laverna,verna
lavinia,vina,vinnie
leah,lea,lee,leigh
leona,lee
leonora,leonore,lenora,lenore,nora
leslie,lesley,les
leticia,letitia,lettie,tisha
lillian,lilian,lily,lilly,lili,lilli,lil,lillie
lily,lilly,lili,lilli,lil,lillie
linda,lynda,lindy,lin,lynn,lynne
lorraine,loraine,lora,lori,lorie
loretta,etta,lorrie,lori,retta
lottie,lotty,lotta
louise,louisa,lou,lu,lulu,lula,lois
lucille,lucile,lu,lucy,lucky
lucinda,lu,lucy,lucky,cindy
lucy,lucie,luci,lucia,lu,lulu,luce,lucky
lydia,liddy,lyddie
lynn,lynne
mabel,mabelle,mable,mab,mabs,mabbie
madeline,madeleine,madelyn,maddie,maddy,mady
magdaline,magdalen,magdalena,magda,magsie,lena
marcia,marcie,marcy,marci
margaret,margarita,marguerite,margret,maggie,marge,margie,marjorie,margery,madge,margot,margo,magsie,maisie,daisy,mamie,maidie,mae,may,meg,megan,peggy,greta,gretchen,rita
marianne,marianna,maryann,maryanne,marian,mary,ann
marilyn,marilynn,marylin,marlene,marlyn,mary,lynn
maribel,maribelle,mary,bell
marietta,mariett,mariette,mary,etta,ettie,etty
marjorie,marjory,margery,marge,margie
martha,marta,marty,mat,mattie,matty,pat,pattie,patty
mary,maria,marie
mary,mae,may,moll,molly,mollie,polly,mamie,mimi,minnie
matilda,mathilda,mat,matty,mattie,maud,maude,patty,pattie,tilda,tillie,tilly
maud,maude,maudie,maudy
maureen,maury
maxine,max,maxie
megan,meg
melanie,mel,mellie
melinda,mel,mellie,linda,mindy
melissa,mel,mellie,missie,missy,lisa,lissa
mercedes,mercy,sadie
meredith,merry
michelle,michele,mickey,shelly
mildred,millie,milly
millicent,milicent,melicent,millie,milly
minnie,minna,mina
miranda,randy
molly,mollie,moll,polly
monica,nicki
myra,mira
nadine,nada,dee
natalie,nathalie,natalia,natasha,nattie,natty
nell,nelle,nellie,nelly
nettie,netty,netta
nicole,nicky,nicki,nikki,nikky
norma,normie
octavia,tave,tavy,tavia
olive,olivia,ollie,olly,nollie,livvy,livia
pamela,pam,pammie,pammy
patricia,pat,pattie,patty,patsy,paddy,tricia,trisha,trissie
paula,paulina,pauline,paulie
pearl,pearlie
peggy,peg
penelope,pen,penny
phoebe,phebe
phyllis,phyl,phyllie,phil
priscilla,prissy
prudence,prudie,prudy,prue,pru
rachel,rachie,rae,ray
raquel,kelly,kellie
rebecca,beck,becky,reba
regina,reggie,ray,gina,ginny,rena
renata,nata,natie,rennie,renny,renae
renee,rene,renae
roberta,robbie,robby,robin,robyn,bobbie,bobby,berta,bertie
rose,rosa,rosie,rosy
rosabel,rosabelle,rosabella,rose,rosie,rosy,bell
rosalie,rosalee,rose,rosie,rosy
rosaline,rosalyn,rose,rosie,rosy
rosalind,rosalinda,rose,rosie,rosy,linda
roseanna,rosanna,rosanne,rose,rosie,rosy
rosemary,rosemarie,rose,rosie,rosy
roxanne,roxanna,roxana,roxie,roxy
ruby,rubina,ruby,rubie
ruth,ruthie
sabrina,brina,sabby
samantha,sam,sammie,sammy
sarah,sara,sadie,sal,sally,sallie
sharon,sharron
shirley,shirlee,shirlie,shirl
sibyl,sybil,sibylle,syble,sib,sibbie
sonia,sonya
sophia,sophie,sophy
stacy,stacey,stacie,staci
stephanie,stephania,stephana,stefanie,stefania,stefana,steph,stephie
susan,susanna,susana,susannah,susanne,suzanne,sue,susie,susi,susy,suzie,suzy,sukie
sylvia,silvia,syl,sylvie
tabitha,tabby
tamara,tamar,tammy,tammie
tanya,tania
teresa,theresa,therese,terry,terri,teri,terrie,tess,tessa,tessie,tracy,trissie
tiffany,tiff,tiffy
tracy,tracey,tracie,traci
ursula,ursa,ursie,sulie
valentina,val,vallie
valerie,valery,valeria,val,vallie
vanessa,van,vannie,nessa
veronica,nicky,nicki,ronnie,ronni,ronny
victoria,vic,vick,vickie,vicky,vicki,viki,vikki
viola,vi
violet,violette,violetta,vi,lettie
virginia,ginger,ginny,jinny,jenny,virgie
vivian,vivien,viv
wilhelmina,willa,wilma,willie,billie,mina,minnie
winifred,winnie,freda,freddie
yolanda,yolande
yvonne,vonnie,vonna
yvette,vettie,vetta
zoe,zoey
aaron,aron,ron,ronnie,ronny
abel,abe,abie
abner,ab,abbie
abraham,abe,abie,bram
adam,ad,addie,addy,ade
adrian,ade
alan,allan,allen,al
albert,al,bert,bertie
alexander,al,alex,alec,aleck,lex,sandy,sander
alfred,al,alf,alfie,fred,freddie,freddy
algernon,algie,algy,alger
alonso,alonzo,al,lon,lonnie,lonny
alvin,alwin,alwyn,al,vin,vinny,win
andrew,andy,drew
andre,andres,andreas,andy
anthony,antony,anton,tony
archibald,arch,archie,baldie
arnold,arnie
arthur,art,artie
augustus,august,augustine,augie,gus,gussy,gust,gustus
austin,austen
baldwin,baldie,win
barrett,barry,barrie
bartholomew,bart,barty,bartlett,bartley,bat,batty
basil,baz,basie
benedict,ben,bennie,benny
benjamin,ben,bennie,benny,benjy,benjie
bennet,bennett,ben,bennie,benny
bernard,barnard,bernie,berney,barney,barnie
bradford,brad,ford
bradley,brad
brandon,branden,brandy
brenton,brent
bret,brett
brian,bryan,bryant
burton,burt
byron,ron,ronnie,ronny
caleb,cal
calvin,cal,vin,vinny
cameron,cam,ron,ronny
carl,karl,carlos
carey,cary,carry
casey,kasey
caspar,casper,cas,cass
cassius,cas,cass
cecil,cis
cedric,ced,rick,ricky
charles,charlie,charley,chuck,chas
chester,chet
christopher,kristopher,kristofer,chris,kris,cris,christy,kit,kester,kristof,toph,topher
christian,chris,christy,kit
clarence,clare,clair
claude,claud
clayton,clay
clement,clem
clifford,cliff,ford
clinton,clint
curtis,kurtis,curt,kurt
cyril,cy
cyrus,cy
daniel,dan,danny
darrell,darrel,darryl,daryl,darry
david,dave,davie,davy
dean,deane
dennis,denis,den,denny
derek,derrick,derry,rick,ricky
dexter,dex
dominic,dominick,dominique,dom,nick
donald,don,donnie,donny
douglas,doug
duane,dwayne
dustin,dusty
earl,earle
edgar,ed,eddie,eddy,ned
edward,ed,eddie,eddy,ned,ted,teddy
edwin,ed,eddie,eddy,ned
elbert,bert,bertie
elijah,eli,lige
elliot,elliott,el
elmer,el
elvin,elwin,elwyn,el,vin,win
elwood,el,woody
emery,emmery,emory,em
emil,emile,em
emmanuel,emanuel,immanuel,manuel,manny,mannie
eric,erik,erick,rick,ricky
ernest,earnest,ernie
ervin,erwin,irvin,irvine,irving,irwin,erv,vin,win
eugene,gene
everett,everette
fabian,fabe,fab
ferdinand,ferdie,fred,freddie
fernando,ferdie,fern
floyd,floy
francis,frank,frankie,franky,fran
francisco,frank,frankie,franky,fran
franklin,franklyn,frank,frankie,franky
frederick,frederic,fredrick,fredric,fred,freddie,freddy,rick,ricky
fred,freddie
gabriel,gabe,gabby
garrett,garret,gary,garry
geoffrey,jeffrey,jeff
george,georgie,geordie
gerald,gerard,gerry,jerry
gilbert,gil,bert
glenn,glen
gregory,gregor,greg,gregg
griffith,griffin,griff
harold,hal,harry
harvey,harve
henry,harry,hank
herbert,herb,bert,bertie
herman,manny,mannie
howard,howie
hubert,hugh,bert,bertie
hugh,hughie,hugo
immanuel,manny,mannie
irvin,irvine,irving,irwin
isaac,isaak,ike
isidore,isidor,isadore,isador,izzy
jack,jackie,jacky
jacob,jake
james,jim,jimmy,jimmie,jamie,jem
jason,jay
jasper,jay
jeffrey,jeffery,geoffrey,jeff
jeremy,jeremiah,jerry
jerome,jerry
jesse,jess,jessie,jessy
john,jack,jackie,jacky,johnny
jonathan,jon,jonny
joseph,joe,joey,jo,jos,jody
joshua,josh
julian,julius,jule,jules
karl,carl
kelly,kelley
kelvin,kel,kelly
kenneth,ken,kenny
kevin,kev
kristopher,kris,kit,kester
lamont,monty,monte
lancelot,launcelot,lance
laurence,lawrence,lorence,lorenzo,lauren,loren,larry,lars,laurie,lawrie
lee,leigh
leo,leon,lee
leonard,leo,len,lenny,lennie
leopold,leo,poldie
leroy,lee,roy
leslie,lesley,les
lester,les
lewis,lew,lewie
lincoln,lin,linc,lynn
lloyd,loyd,loyde,floyd,loy,floy
louis,luis,lou,louie
luke,lucas
malcolm,mal,malc,mac
manuel,manny,mannie
mark,marc,marcus,markus
martin,mart,marty
marvin,mervin,marv,merv
matthew,matt,mat,matty,mattie
maximilian,max
melvin,mel
michael,mike,mickey,miche,miguel
milton,milt
mitchell,mitch
montague,monty,monte
montgomery,monty,monte
morris,maurice,morry
mortimer,mort,morty
moses,mo,moe,mose,moss
nathan,nathaniel,nat,nate
neal,neil
nicholas,nicolas,nick,nicky
norman,norm
oliver,ollie,noll,nollie,nolly
oscar,ossy
oswald,ossy,ozzie,ozzy
patrick,pat,patty,paddy,patsy
paul,pauly
peter,pete
philip,phillip,phil,pip
ralph,rafe
randall,randal,rand,randy
randolph,rand,randy,dolph
raphael,rafael,raff,rafe
raymond,raymund,ray
reginald,reg,reggie,rex
reuben,ruben,rube,ruby
reynold,ray
richard,dick,rick,ricky,rich,richie
rick,ricky
robert,bob,bobbie,bobby,dob,rob,robbie,robby,robin,bert
roderic,roderick,rod,roddy,rick,ricky
rodney,rod
roger,rodger,rodge
roland,rolly,roly
ronald,ron,ronnie,ronny
ron,ronnie
roscoe,ross
reuben,ruben,rubin,rube,ruby
rudolph,rudolf,rudy,rolf,dolph,dolf
russell,russel,russ
samson,sampson,sam,sammy
samuel,sam,sammy
scott,scotty
sebastian,seb,bass
sidney,sydney,sid,syd
silvester,sylvester,syl,vester
solomon,sol,solly,sal
stanley,stan
stephen,steven,steve,stevie
stuart,stewart,stu,stew
terrence,terence,terrance,terry
theodore,ted,teddy,theo
timothy,tim,timmy
thomas,tom,tommy
tracy,tracey
tyler,ty
valentine,val
victor,vic,vick
vincent,vince,vin,vinny
virgil,vergil,virge
vernon,vern
wallace,wally
walter,walt,wally
wesley,wes
wilbur,wilber,will,willie,willy
wiley,will,willie,willy
wilfred,wilfrid,will,willie,willy,fred,freddie,freddy
willard,will,willie,willy
willis,bill,billy,billie,will,willie,willy
william,bill,billy,billie,will,willie,willy
wilson,will,willie,willy
winfred,win,winnie,winny,fred,freddie,freddy
winston,win,winnie,winny
woodrow,wood,woody
zachariah,zacharias,zachary,zack,zacky,zach
